,rate
0,2
1,2
2,1
3,2
4,1
5,1
6,2
7,2
8,2
9,1
10,1
11,1
12,2
13,1
14,1
15,1
16,2
17,1
18,1
19,2
20,1
21,1
22,2
23,1
24,2
25,2
26,2
27,1
28,1
29,2
30,2
31,2
32,1
33,1
34,2
35,1
36,1
37,1
38,1
39,1
40,1
41,1
42,2
43,1
44,2
45,2
46,2
47,2
48,1
49,2
50,1
51,2
52,1
53,1
54,2
55,2
56,2
57,2
58,1
59,1
60,2
61,1
62,1
63,2
64,1
65,2
66,2
67,1
68,2
69,2
70,1
71,1
72,1
73,1
74,2
75,1
76,1
77,2
78,2
79,2
80,1
81,2
82,2
83,1
84,1
85,2
86,1
87,1
88,2
89,2
90,1
91,1
92,2
93,1
94,2
95,2
96,2
97,1
98,2
99,2
100,2
101,2
102,2
103,1
104,1
105,1
106,1
107,1
108,1
109,1
110,2
111,2
112,1
113,2
114,2
115,1
116,2
117,2
118,2
119,2
120,1
121,1
122,1
123,1
124,2
125,2
126,2
127,2
128,1
129,2
130,1
131,1
132,1
133,1
134,2
135,1
136,1
137,2
138,1
139,1
140,1
141,1
142,1
143,1
144,2
145,2
146,1
147,1
148,1
149,1
150,1
151,1
152,2
153,2
154,2
155,1
156,2
157,1
158,2
159,2
160,2
161,1
162,1
163,2
164,1
165,1
166,1
167,1
168,1
169,2
170,1
171,2
172,1
173,1
174,1
175,1
176,2
177,1
178,2
179,1
180,2
181,2
182,2
183,2
184,2
185,1
186,1
187,1
188,1
189,1
190,2
191,2
192,1
193,1
194,1
195,1
196,2
197,2
198,1
199,2
200,2
201,1
202,1
203,2
204,2
205,2
206,1
207,2
208,1
209,1
210,1
211,1
212,1
213,1
214,1
215,1
216,2
217,1
218,1
219,1
220,1
221,1
222,1
223,1
224,1
225,1
226,1
227,1
228,1
229,2
230,1
231,2
232,1
233,1
234,2
235,1
236,1
237,1
238,1
239,2
240,1
241,1
242,1
243,1
244,1
245,1
246,2
247,1
248,1
249,1
250,2
251,1
252,1
253,1
254,1
255,1
256,1
257,2
258,1
259,1
260,2
261,1
262,2
263,1
264,2
265,1
266,2
267,2
268,1
269,2
270,2
271,1
272,1
273,1
274,2
275,2
276,2
277,2
278,1
279,2
280,1
281,2
282,2
283,1
284,1
285,1
286,1
287,2
288,2
289,2
290,1
291,1
292,1
293,1
294,1
295,1
296,1
297,2
298,2
299,1
300,2
301,2
302,1
303,1
304,1
305,2
306,1
307,1
308,1
309,1
310,1
311,1
312,1
313,1
314,2
315,1
316,2
317,2
318,1
319,1
320,2
321,1
322,2
323,1
324,2
325,1
326,2
327,2
328,2
329,2
330,2
331,1
332,1
333,1
334,1
335,2
336,1
337,1
338,1
339,2
340,1
341,1
342,2
343,2
344,1
345,1
346,1
347,1
348,1
349,2
350,1
351,2
352,2
353,1
354,2
355,2
356,2
357,1
358,2
359,1
360,2
361,1
362,1
363,2
364,1
365,2
366,1
367,1
368,1
369,1
370,2
371,1
372,2
373,1
374,1
375,2
376,1
377,1
378,1
379,2
380,2
381,1
382,2
383,1
384,2
385,1
386,2
387,1
388,2
389,1
390,2
391,2
392,1
393,1
394,1
395,2
396,2
397,1
398,1
399,1
400,2
401,2
402,1
403,1
404,2
405,1
406,2
407,2
408,1
409,2
410,1
411,2
412,1
413,1
414,1
415,2
416,1
417,2
418,1
419,1
420,1
421,2
422,1
423,1
424,1
425,2
426,2
427,1
428,2
429,1
430,2
431,1
432,1
433,1
434,1
435,1
436,1
437,1
438,1
439,2
440,1
441,1
442,2
443,1
444,2
445,1
446,1
447,1
448,2
449,2
450,1
451,1
452,1
453,1
454,1
455,1
456,2
457,1
458,1
459,2
460,1
461,1
462,1
463,2
464,2
465,2
466,1
467,1
468,1
469,1
470,2
471,1
472,1
473,1
474,1
475,2
476,1
477,2
478,1
479,1
480,0
481,1
482,1
483,1
484,1
485,1
486,1
487,1
488,1
489,2
490,1
491,1
492,1
493,2
494,2
495,1
496,1
497,2
498,1
499,1
500,1
501,2
502,1
503,1
504,1
505,1
506,2
507,2
508,1
509,2
510,2
511,2
512,1
513,2
514,1
515,2
516,1
517,1
518,1
519,2
520,1
521,2
522,1
523,1
524,1
525,1
526,2
527,1
528,2
529,1
530,1
531,2
532,1
533,1
534,1
535,1
536,1
537,1
538,1
539,1
540,1
541,1
542,1
543,1
544,1
545,2
546,1
547,1
548,1
549,1
550,1
551,1
552,1
553,1
554,1
555,1
556,2
557,2
558,2
559,2
560,1
561,2
562,1
563,1
564,1
565,2
566,2
567,1
568,1
569,1
570,1
571,2
572,2
573,2
574,1
575,1
576,1
577,1
578,1
579,2
580,1
581,1
582,1
583,2
584,1
585,2
586,1
587,2
588,1
589,1
590,1
591,2
592,2
593,1
594,1
595,1
596,1
597,1
598,1
599,1
600,1
601,1
602,1
603,1
604,1
605,1
606,1
607,1
608,1
609,2
610,1
611,1
612,1
613,2
614,2
615,1
616,1
617,2
618,1
619,1
620,2
621,1
622,1
623,1
624,1
625,1
626,2
627,1
628,2
629,1
630,1
631,2
632,1
633,2
634,2
635,2
636,1
637,2
638,1
639,1
640,1
641,1
642,2
643,1
644,1
645,1
646,1
647,1
648,1
649,1
650,2
651,1
652,2
653,1
654,1
655,1
656,1
657,1
658,1
659,1
660,1
661,1
662,2
663,2
664,1
665,1
666,1
667,2
668,1
669,1
670,1
671,2
672,2
673,1
674,1
675,2
676,1
677,1
678,1
679,1
680,1
681,1
682,1
683,1
684,2
685,1
686,1
687,2
688,1
689,2
690,2
691,1
692,1
693,2
694,2
695,2
696,1
697,2
698,2
699,1
700,2
701,1
702,2
703,1
704,1
705,1
706,1
707,1
708,1
709,1
710,1
711,2
712,2
713,2
714,2
715,1
716,1
717,1
718,1
719,2
720,1
721,1
722,2
723,1
724,2
725,1
726,1
727,1
728,1
729,1
730,2
731,1
732,1
733,1
734,1
735,1
736,1
737,1
738,1
739,1
740,1
741,2
742,2
743,1
744,2
745,1
746,1
747,1
748,1
749,2
750,2
751,1
752,1
753,1
754,1
755,1
756,1
757,2
758,1
759,1
760,1
761,1
762,1
763,2
764,1
765,2
766,1
767,1
768,1
769,2
770,1
771,1
772,1
773,1
774,2
775,1
776,1
777,1
778,1
779,1
780,1
781,1
782,1
783,1
784,1
785,2
786,1
787,2
788,2
789,1
790,2
791,1
792,1
793,1
794,1
795,1
796,1
797,1
798,1
799,1
800,1
801,2
802,1
803,1
804,1
805,1
806,1
807,1
808,1
809,2
810,1
811,2
812,2
813,2
814,1
815,1
816,1
817,1
818,2
819,1
820,1
821,2
822,1
823,2
824,2
825,1
826,1
827,1
828,2
829,1
830,2
831,1
832,1
833,1
834,1
835,1
836,1
837,1
838,1
839,1
840,2
841,1
842,2
843,1
844,1
845,1
846,1
847,1
848,1
849,2
850,1
851,1
852,2
853,2
854,1
855,1
856,1
857,1
858,1
859,1
860,2
861,2
862,2
863,1
864,1
865,2
866,1
867,2
868,1
869,1
870,1
871,1
872,1
873,1
874,2
875,2
876,1
877,1
878,2
879,2
880,2
881,1
882,1
883,2
884,2
885,1
886,1
887,1
888,1
889,2
890,1
891,2
892,2
893,1
894,1
895,1
896,1
897,1
898,1
899,2
900,1
901,2
902,2
903,1
904,2
905,2
906,1
907,1
908,2
909,2
910,1
911,2
912,2
913,1
914,1
915,2
916,1
917,1
918,2
919,2
920,1
921,1
922,1
923,1
924,1
925,2
926,1
927,1
928,2
929,1
930,2
931,1
932,2
933,1
934,1
935,1
936,1
937,1
938,1
939,1
940,1
941,2
942,2
943,1
944,1
945,1
946,2
947,1
948,1
949,1
950,2
951,1
952,1
953,1
954,2
955,1
956,1
957,1
958,1
959,1
960,1
961,1
962,1
963,1
964,1
965,1
966,1
967,1
968,1
969,1
970,1
971,1
972,1
973,1
974,1
975,1
976,1
977,2
978,2
979,2
980,2
981,1
982,1
983,2
984,1
985,1
986,1
987,1
988,1
989,1
990,1
991,1
992,1
993,1
994,1
995,1
996,1
997,1
998,1
999,1
1000,1
1001,1
1002,1
1003,1
1004,2
1005,2
1006,2
1007,1
1008,2
1009,1
1010,1
1011,1
1012,2
1013,1
1014,1
1015,2
1016,1
1017,1
1018,2
1019,2
1020,1
1021,1
1022,1
1023,2
1024,1
1025,2
1026,1
1027,2
1028,2
1029,1
1030,1
1031,1
1032,1
1033,2
1034,2
1035,1
1036,1
1037,1
1038,2
1039,1
1040,1
1041,1
1042,1
1043,1
1044,1
1045,1
1046,1
1047,1
1048,2
1049,1
1050,1
1051,2
1052,2
1053,2
1054,1
1055,1
1056,1
1057,2
1058,1
1059,1
1060,1
1061,2
1062,2
1063,2
1064,1
1065,1
1066,1
1067,1
1068,2
1069,1
1070,1
1071,2
1072,1
1073,1
1074,1
1075,1
1076,1
1077,1
1078,1
1079,1
1080,2
1081,2
1082,1
1083,1
1084,1
1085,1
1086,1
1087,1
1088,1
1089,1
1090,1
1091,2
1092,2
1093,1
1094,1
1095,2
1096,1
1097,1
1098,1
1099,1
1100,1
1101,0
1102,2
1103,2
1104,1
1105,2
1106,1
1107,1
1108,2
1109,1
1110,1
1111,1
1112,2
1113,1
1114,2
1115,1
1116,2
1117,2
1118,1
1119,2
1120,2
1121,1
1122,1
1123,1
1124,1
1125,2
1126,1
1127,1
1128,1
1129,1
1130,1
1131,1
1132,1
1133,1
1134,1
1135,2
1136,2
1137,1
1138,1
1139,1
1140,2
1141,2
1142,1
1143,2
1144,1
1145,2
1146,1
1147,1
1148,2
1149,2
1150,2
1151,1
1152,2
1153,1
1154,1
1155,1
1156,2
1157,1
1158,2
1159,2
1160,2
1161,2
1162,1
1163,1
1164,1
1165,2
1166,1
1167,2
1168,2
1169,2
1170,2
1171,1
1172,2
1173,2
1174,1
1175,2
1176,2
1177,2
1178,1
1179,1
1180,1
1181,2
1182,1
1183,1
1184,1
1185,1
1186,1
1187,2
1188,1
1189,1
1190,1
1191,1
1192,1
1193,2
1194,2
1195,1
1196,2
1197,1
1198,1
1199,2
1200,1
1201,1
1202,1
1203,1
1204,1
1205,1
1206,1
1207,1
1208,2
1209,2
1210,1
1211,2
1212,1
1213,1
1214,1
1215,1
1216,1
1217,1
1218,1
1219,1
1220,1
1221,2
1222,1
1223,1
1224,1
1225,1
1226,2
1227,1
1228,1
1229,1
1230,1
1231,2
1232,1
1233,1
1234,1
1235,2
1236,1
1237,1
1238,1
1239,1
1240,1
1241,1
1242,1
1243,2
1244,1
1245,1
1246,2
1247,1
1248,1
1249,1
1250,1
1251,1
1252,1
1253,1
1254,1
1255,2
1256,1
1257,2
1258,1
1259,1
1260,2
1261,1
1262,1
1263,2
1264,1
1265,0
1266,1
1267,1
1268,1
1269,1
1270,1
1271,1
1272,1
1273,1
1274,1
1275,2
1276,1
1277,1
1278,1
1279,1
1280,2
1281,1
1282,2
1283,2
1284,1
1285,1
1286,2
1287,1
1288,1
1289,2
1290,2
1291,2
1292,1
1293,2
1294,2
1295,1
1296,1
1297,1
1298,2
1299,1
1300,1
1301,1
1302,1
1303,1
1304,1
1305,2
1306,2
1307,2
1308,1
1309,1
1310,1
1311,1
1312,1
1313,1
1314,1
1315,1
1316,2
1317,1
1318,2
1319,1
1320,1
1321,1
1322,1
1323,2
1324,1
1325,2
1326,1
1327,2
1328,2
1329,1
1330,1
1331,1
1332,2
1333,2
1334,1
1335,1
1336,2
1337,1
1338,2
1339,1
1340,2
1341,1
1342,2
1343,1
1344,1
1345,2
1346,1
1347,1
1348,1
1349,1
1350,1
1351,1
1352,2
1353,1
1354,1
1355,1
1356,2
1357,1
1358,1
1359,2
1360,1
1361,1
1362,2
1363,1
1364,1
1365,2
1366,2
1367,1
1368,1
1369,2
1370,1
1371,1
1372,1
1373,2
1374,2
1375,1
1376,1
1377,1
1378,2
1379,1
1380,1
1381,2
1382,1
1383,2
1384,1
1385,1
1386,2
1387,2
1388,1
1389,1
1390,1
1391,1
1392,1
1393,1
1394,2
1395,1
1396,2
1397,1
1398,1
1399,2
1400,1
1401,1
1402,1
1403,2
1404,1
1405,2
1406,1
1407,1
1408,2
1409,1
1410,1
1411,1
1412,1
1413,1
1414,1
1415,1
1416,1
1417,1
1418,1
1419,1
1420,1
1421,1
1422,1
1423,1
1424,2
1425,1
1426,1
1427,2
1428,1
1429,1
1430,1
1431,1
1432,1
1433,1
1434,1
1435,1
1436,1
1437,1
1438,1
1439,1
1440,1
1441,2
1442,1
1443,1
1444,2
1445,1
1446,1
1447,1
1448,1
1449,1
1450,1
1451,1
1452,2
1453,1
1454,1
1455,2
1456,2
1457,2
1458,1
1459,2
1460,2
1461,2
1462,2
1463,1
1464,0
1465,2
1466,1
1467,2
1468,2
1469,1
1470,1
1471,2
1472,2
1473,1
1474,1
1475,1
1476,1
1477,2
1478,2
1479,1
1480,1
1481,1
1482,1
1483,2
1484,1
1485,1
1486,1
1487,2
1488,1
1489,1
1490,2
1491,1
1492,2
1493,1
1494,1
1495,1
1496,1
1497,2
1498,1
1499,1
1500,1
1501,1
1502,2
1503,1
1504,1
1505,1
1506,2
1507,2
1508,1
1509,2
1510,1
1511,1
1512,2
1513,1
1514,1
1515,1
1516,2
1517,1
1518,1
1519,1
1520,1
1521,2
1522,2
1523,1
1524,1
1525,2
1526,1
1527,2
1528,1
1529,2
1530,1
1531,1
1532,2
1533,1
1534,1
1535,2
1536,1
1537,1
1538,2
1539,1
1540,1
1541,2
1542,2
1543,2
1544,1
1545,2
1546,2
1547,2
1548,1
1549,2
1550,1
1551,1
1552,1
1553,2
1554,2
1555,2
1556,2
1557,2
1558,1
1559,2
1560,1
1561,1
1562,1
1563,1
1564,2
1565,2
1566,2
1567,1
1568,2
1569,1
1570,1
1571,1
1572,1
1573,2
1574,1
1575,1
1576,1
1577,1
1578,1
1579,2
1580,1
1581,2
1582,1
1583,1
1584,1
1585,1
1586,1
1587,2
1588,2
1589,1
1590,2
1591,2
1592,1
1593,1
1594,2
1595,2
1596,2
1597,2
1598,1
1599,2
1600,2
1601,2
1602,1
1603,2
1604,1
1605,1
1606,1
1607,2
1608,1
1609,2
1610,1
1611,1
1612,1
1613,1
1614,2
1615,1
1616,1
1617,2
1618,1
1619,1
1620,2
1621,1
1622,1
1623,1
1624,1
1625,1
1626,1
1627,1
1628,1
1629,1
1630,1
1631,1
1632,2
1633,1
1634,1
1635,1
1636,1
1637,1
1638,2
1639,1
1640,2
1641,1
1642,1
1643,1
1644,1
1645,1
1646,1
1647,2
1648,1
1649,1
1650,1
1651,1
1652,0
1653,1
1654,1
1655,1
1656,1
1657,2
1658,1
1659,2
1660,1
1661,1
1662,2
1663,2
1664,1
1665,2
1666,1
1667,1
1668,1
1669,1
1670,1
1671,2
1672,1
1673,1
1674,1
1675,1
1676,1
1677,2
1678,0
1679,1
1680,1
1681,2
1682,1
1683,2
1684,2
1685,1
1686,1
1687,2
1688,2
1689,1
1690,1
1691,2
1692,1
1693,1
1694,2
1695,2
1696,2
1697,2
1698,1
1699,1
1700,2
1701,1
1702,2
1703,1
1704,2
1705,1
1706,2
1707,2
1708,1
1709,1
1710,2
1711,2
1712,1
1713,1
1714,2
1715,1
1716,1
1717,2
1718,1
1719,1
1720,2
1721,1
1722,1
1723,1
1724,2
1725,2
1726,1
1727,1
1728,1
1729,1
1730,2
1731,1
1732,1
1733,1
1734,1
1735,1
1736,1
1737,1
1738,2
1739,1
1740,1
1741,1
1742,1
1743,1
1744,1
1745,2
1746,1
1747,2
1748,2
1749,1
1750,2
1751,1
1752,1
1753,2
1754,1
1755,2
1756,2
1757,1
1758,2
1759,2
1760,1
1761,2
1762,2
1763,2
1764,2
1765,1
1766,1
1767,1
1768,2
1769,1
1770,1
1771,1
1772,1
1773,1
1774,1
1775,1
1776,2
1777,1
1778,1
1779,1
1780,2
1781,1
1782,1
1783,2
1784,2
1785,2
1786,1
1787,2
1788,1
1789,1
1790,2
1791,1
1792,1
1793,1
1794,1
1795,2
1796,2
1797,1
1798,1
1799,1
1800,1
1801,1
1802,1
1803,1
1804,1
1805,1
1806,1
1807,1
1808,1
1809,2
1810,2
1811,2
1812,2
1813,2
1814,1
1815,2
1816,2
1817,1
1818,2
1819,2
1820,1
1821,1
1822,1
1823,1
1824,1
1825,1
1826,1
1827,1
1828,2
1829,2
1830,1
1831,1
1832,2
1833,1
1834,1
1835,1
1836,2
1837,1
1838,2
1839,1
1840,2
1841,2
1842,2
1843,2
1844,1
1845,1
1846,2
1847,2
1848,1
1849,1
1850,2
1851,1
1852,2
1853,1
1854,1
1855,2
1856,1
1857,1
1858,1
1859,1
1860,1
1861,1
1862,1
1863,2
1864,1
1865,1
1866,1
1867,1
1868,1
1869,2
1870,1
1871,1
1872,1
1873,1
1874,2
1875,2
1876,1
1877,2
1878,1
1879,1
1880,1
1881,2
1882,1
1883,2
1884,1
1885,2
1886,1
1887,1
1888,2
1889,2
1890,1
1891,2
1892,1
1893,1
1894,1
1895,2
1896,1
1897,1
1898,1
1899,1
1900,1
1901,2
1902,1
1903,1
1904,1
1905,1
1906,1
1907,1
1908,1
1909,2
1910,1
1911,1
1912,2
1913,1
1914,1
1915,1
1916,2
1917,1
1918,2
1919,1
1920,2
1921,2
1922,2
1923,1
1924,1
1925,1
1926,1
1927,1
1928,1
1929,1
1930,1
1931,2
1932,1
1933,1
1934,1
1935,2
1936,1
1937,1
1938,1
1939,1
1940,2
1941,1
1942,1
1943,1
1944,2
1945,2
1946,1
1947,1
1948,2
1949,1
1950,1
1951,1
1952,1
1953,1
1954,2
1955,1
1956,1
1957,2
1958,1
1959,2
1960,1
1961,1
1962,1
1963,1
1964,1
1965,1
1966,2
1967,2
1968,1
1969,1
1970,1
1971,1
1972,1
1973,1
1974,2
1975,1
1976,1
1977,1
1978,1
1979,1
1980,1
1981,1
1982,1
1983,1
1984,2
1985,1
1986,1
1987,2
1988,2
1989,1
1990,2
1991,1
1992,2
1993,1
1994,1
1995,2
1996,1
1997,2
1998,1
1999,1
2000,1
2001,1
2002,1
2003,1
2004,2
2005,1
2006,2
2007,1
2008,2
2009,2
2010,1
2011,1
2012,1
2013,1
2014,1
2015,2
2016,2
2017,2
2018,1
2019,1
2020,1
2021,1
2022,2
2023,1
2024,2
2025,2
2026,1
2027,2
2028,1
2029,2
2030,1
2031,1
2032,2
2033,1
2034,1
2035,1
2036,1
2037,1
2038,1
2039,1
2040,1
2041,1
2042,1
2043,1
2044,1
2045,1
2046,1
2047,1
2048,1
2049,1
2050,1
2051,1
2052,2
2053,2
2054,1
2055,1
2056,1
2057,2
2058,1
2059,2
2060,1
2061,1
2062,1
2063,2
2064,1
2065,1
2066,1
2067,2
2068,2
2069,1
2070,1
2071,2
2072,2
2073,2
2074,2
2075,1
2076,1
2077,2
2078,1
2079,1
2080,2
2081,1
2082,1
2083,1
2084,2
2085,2
2086,1
2087,2
2088,1
2089,1
2090,1
2091,2
2092,1
2093,1
2094,1
2095,1
2096,2
2097,1
2098,1
2099,2
2100,1
2101,1
2102,2
2103,2
2104,2
2105,2
2106,1
2107,1
2108,2
2109,2
2110,1
2111,2
2112,1
2113,1
2114,1
2115,2
2116,1
2117,1
2118,1
2119,1
2120,2
2121,2
2122,0
2123,2
2124,1
2125,1
2126,1
2127,1
2128,1
2129,1
2130,1
2131,2
2132,1
2133,2
2134,1
2135,2
2136,2
2137,1
2138,1
2139,1
2140,1
2141,2
2142,1
2143,1
2144,1
2145,1
2146,1
2147,1
2148,2
2149,1
2150,1
2151,2
2152,2
2153,1
2154,1
2155,2
2156,1
2157,1
2158,1
2159,1
2160,1
2161,1
2162,1
2163,1
2164,1
2165,1
2166,2
2167,2
2168,1
2169,1
2170,2
2171,1
2172,2
2173,1
2174,1
2175,2
2176,1
2177,2
2178,2
2179,1
2180,1
2181,2
2182,1
2183,1
2184,2
2185,1
2186,2
2187,2
2188,1
2189,1
2190,1
2191,2
2192,1
2193,1
2194,0
2195,1
2196,1
2197,1
2198,1
2199,1
2200,1
2201,2
2202,1
2203,1
2204,1
2205,1
2206,1
2207,1
2208,2
2209,1
2210,1
2211,1
2212,1
2213,2
2214,1
2215,1
2216,1
2217,1
2218,1
2219,1
2220,0
2221,1
2222,1
2223,1
2224,1
2225,1
2226,0
2227,1
2228,1
2229,1
2230,1
2231,1
2232,2
2233,2
2234,1
2235,2
2236,2
2237,0
2238,1
2239,1
2240,1
2241,1
2242,1
2243,2
2244,1
2245,2
2246,2
2247,2
2248,1
2249,1
2250,2
2251,2
2252,0
2253,2
2254,1
2255,1
2256,0
2257,1
2258,1
2259,1
2260,1
2261,1
2262,1
2263,1
2264,1
2265,1
2266,1
2267,1
2268,2
2269,1
2270,1
2271,1
2272,0
2273,1
2274,1
2275,1
2276,2
2277,2
2278,2
2279,1
2280,2
2281,1
2282,2
2283,1
2284,2
2285,2
2286,1
2287,1
2288,1
2289,1
2290,1
2291,1
2292,1
2293,1
2294,2
2295,1
2296,1
2297,2
2298,1
2299,1
2300,1
2301,1
2302,1
2303,1
2304,1
2305,2
2306,1
2307,2
2308,1
2309,1
2310,2
2311,1
2312,1
2313,2
2314,2
2315,1
2316,1
2317,1
2318,1
2319,1
2320,1
2321,1
2322,1
2323,1
2324,1
2325,1
2326,1
2327,2
2328,2
2329,1
2330,2
2331,1
2332,2
2333,1
2334,2
2335,2
2336,2
2337,1
2338,1
2339,1
2340,2
2341,2
2342,1
2343,1
2344,2
2345,1
2346,2
2347,1
2348,2
2349,1
2350,2
2351,1
2352,1
2353,2
2354,2
2355,1
2356,1
2357,1
2358,1
2359,2
2360,1
2361,2
2362,1
2363,1
2364,1
2365,1
2366,1
2367,2
2368,2
2369,2
2370,1
2371,2
2372,1
2373,2
2374,2
2375,1
2376,1
2377,2
2378,2
2379,1
2380,1
2381,2
2382,2
2383,1
2384,2
2385,1
2386,2
2387,2
2388,1
2389,2
2390,1
2391,1
2392,2
2393,1
2394,1
2395,1
2396,1
2397,2
2398,1
2399,1
2400,1
2401,1
2402,2
2403,2
2404,2
2405,1
2406,1
2407,2
2408,1
2409,2
2410,1
2411,2
2412,1
2413,1
2414,1
2415,1
2416,1
2417,1
2418,1
2419,2
2420,1
2421,1
2422,2
2423,1
2424,2
2425,1
2426,0
2427,1
2428,1
2429,1
2430,1
2431,1
2432,1
2433,1
2434,0
2435,2
2436,1
2437,0
2438,2
2439,1
2440,2
2441,1
2442,1
2443,1
2444,1
2445,1
2446,2
2447,1
2448,2
2449,2
2450,2
2451,1
2452,2
2453,2
2454,1
2455,2
2456,2
2457,1
2458,1
2459,2
2460,1
2461,2
2462,1
2463,1
2464,1
2465,2
2466,1
2467,2
2468,1
2469,1
2470,1
2471,2
2472,1
2473,2
2474,1
2475,1
2476,2
2477,1
2478,1
2479,2
2480,2
2481,1
2482,1
2483,2
2484,2
2485,1
2486,1
2487,1
2488,1
2489,2
2490,2
2491,2
2492,1
2493,1
2494,2
2495,1
2496,1
2497,2
2498,1
2499,2
2500,1
2501,2
2502,2
2503,1
2504,1
2505,1
2506,1
2507,1
2508,1
2509,1
2510,2
2511,2
2512,1
2513,2
2514,2
2515,2
2516,2
2517,2
2518,1
2519,1
2520,2
2521,1
2522,2
2523,1
2524,2
2525,1
2526,1
2527,2
2528,1
2529,2
2530,2
2531,1
2532,2
2533,1
2534,1
2535,1
2536,2
2537,2
2538,1
2539,1
2540,1
2541,1
2542,2
2543,2
2544,1
2545,2
2546,1
2547,2
2548,1
2549,2
2550,2
2551,1
2552,2
2553,1
2554,1
2555,1
2556,2
2557,2
2558,2
2559,1
2560,1
2561,1
2562,1
2563,1
2564,2
2565,2
2566,1
2567,1
2568,1
2569,2
2570,1
2571,2
2572,2
2573,1
2574,1
2575,1
2576,1
2577,1
2578,1
2579,1
2580,1
2581,1
2582,2
2583,1
2584,1
2585,2
2586,1
2587,1
2588,1
2589,1
2590,1
2591,2
2592,1
2593,1
2594,2
2595,2
2596,1
2597,1
2598,1
2599,1
2600,1
2601,0
2602,1
2603,1
2604,1
2605,2
2606,1
2607,2
2608,2
2609,1
2610,2
2611,1
2612,1
2613,2
2614,1
2615,1
2616,2
2617,1
2618,1
2619,1
2620,1
2621,2
2622,1
2623,2
2624,1
2625,2
2626,1
2627,2
2628,1
2629,1
2630,2
2631,2
2632,1
2633,1
2634,1
2635,1
2636,1
2637,2
2638,2
2639,1
2640,2
2641,2
2642,1
2643,2
2644,1
2645,1
2646,1
2647,1
2648,1
2649,1
2650,1
2651,1
2652,1
2653,1
2654,1
2655,1
2656,2
2657,2
2658,1
2659,2
2660,1
2661,2
2662,2
2663,1
2664,2
2665,2
2666,2
2667,2
2668,2
2669,1
2670,1
2671,2
2672,2
2673,1
2674,1
2675,2
2676,1
2677,1
2678,1
2679,1
2680,1
2681,1
2682,2
2683,1
2684,1
2685,1
2686,1
2687,1
2688,1
2689,1
2690,1
2691,1
2692,1
2693,1
2694,2
2695,1
2696,1
2697,1
2698,1
2699,1
2700,2
2701,2
2702,1
2703,1
2704,1
2705,1
2706,1
2707,1
2708,1
2709,1
2710,1
2711,2
2712,2
2713,1
2714,1
2715,1
2716,2
2717,2
2718,2
2719,2
2720,1
2721,2
2722,2
2723,1
2724,2
2725,2
2726,1
2727,2
2728,1
2729,1
2730,2
2731,2
2732,1
2733,1
2734,2
2735,1
2736,2
2737,2
2738,1
2739,2
2740,1
2741,1
2742,1
2743,2
2744,1
2745,2
2746,0
2747,1
2748,1
2749,1
2750,1
2751,2
2752,2
2753,2
2754,2
2755,1
2756,2
2757,2
2758,1
2759,1
2760,2
2761,1
2762,1
2763,1
2764,2
2765,1
2766,1
2767,1
2768,1
2769,2
2770,1
2771,1
2772,2
2773,1
2774,1
2775,1
2776,2
2777,1
2778,1
2779,1
2780,1
2781,1
2782,1
2783,2
2784,1
2785,1
2786,1
2787,2
2788,2
2789,2
2790,2
2791,1
2792,2
2793,1
2794,1
2795,1
2796,2
2797,2
2798,2
2799,2
2800,1
2801,2
2802,1
2803,1
2804,1
2805,2
2806,2
2807,1
2808,2
2809,2
2810,1
2811,2
2812,1
2813,2
2814,1
2815,2
2816,1
2817,2
2818,2
2819,1
2820,2
2821,1
2822,2
2823,1
2824,2
2825,1
2826,2
2827,1
2828,1
2829,2
2830,2
2831,1
2832,1
2833,1
2834,1
2835,2
2836,2
2837,1
2838,2
2839,2
2840,1
2841,1
2842,1
2843,2
2844,1
2845,2
2846,1
2847,1
2848,1
2849,2
2850,2
2851,1
2852,1
2853,2
2854,1
2855,1
2856,1
2857,1
2858,1
2859,1
2860,2
2861,1
2862,2
2863,2
2864,1
2865,1
2866,2
2867,1
2868,1
2869,1
2870,1
2871,1
2872,0
2873,1
2874,1
2875,2
2876,1
2877,2
2878,2
2879,2
2880,1
2881,2
2882,1
2883,1
2884,2
2885,1
2886,2
2887,1
2888,2
2889,1
2890,1
2891,1
2892,1
2893,2
2894,1
2895,1
2896,1
2897,2
2898,2
2899,0
2900,1
2901,1
2902,2
2903,1
2904,1
2905,2
2906,1
2907,1
2908,2
2909,1
2910,1
2911,2
2912,2
2913,1
2914,2
2915,2
2916,1
2917,2
2918,1
2919,2
2920,2
2921,1
2922,2
2923,1
2924,2
2925,2
2926,2
2927,2
2928,1
2929,1
2930,2
2931,1
2932,1
2933,1
2934,1
2935,2
2936,2
2937,1
2938,1
2939,1
2940,1
2941,2
2942,2
2943,2
2944,2
2945,1
2946,2
2947,2
2948,2
2949,1
2950,2
2951,2
2952,1
2953,1
2954,1
2955,1
2956,1
2957,1
2958,1
2959,2
2960,1
2961,1
2962,1
2963,1
2964,1
2965,1
2966,2
2967,2
2968,1
2969,2
2970,2
2971,1
2972,1
2973,1
2974,2
2975,2
2976,1
2977,1
2978,1
2979,1
2980,1
2981,1
2982,1
2983,1
2984,1
2985,2
2986,2
2987,1
2988,1
2989,1
2990,1
2991,2
2992,2
2993,2
2994,2
2995,1
2996,1
2997,1
2998,1
2999,1
3000,1
3001,1
3002,1
3003,1
3004,2
3005,1
3006,1
3007,1
3008,1
3009,1
3010,1
3011,1
3012,2
3013,1
3014,2
3015,1
3016,1
3017,1
3018,1
3019,1
3020,1
3021,1
3022,1
3023,2
3024,1
3025,1
3026,1
3027,1
3028,1
3029,1
3030,2
3031,1
3032,2
3033,1
3034,2
3035,1
3036,2
3037,1
3038,1
3039,2
3040,1
3041,2
3042,2
3043,1
3044,1
3045,2
3046,1
3047,2
3048,1
3049,1
3050,1
3051,1
3052,2
3053,1
3054,1
3055,1
3056,1
3057,2
3058,1
3059,1
3060,2
3061,2
3062,1
3063,1
3064,1
3065,1
3066,1
3067,1
3068,2
3069,2
3070,1
3071,2
3072,1
3073,1
3074,2
3075,2
3076,1
3077,2
3078,2
3079,1
3080,1
3081,1
3082,1
3083,1
3084,2
3085,1
3086,1
3087,2
3088,1
3089,1
3090,1
3091,1
3092,1
3093,2
3094,1
3095,1
3096,1
3097,1
3098,1
3099,2
3100,1
3101,1
3102,1
3103,1
3104,1
3105,1
3106,1
3107,1
3108,1
3109,1
3110,1
3111,1
3112,1
3113,1
3114,1
3115,0
3116,1
3117,1
3118,1
3119,1
3120,1
3121,2
3122,1
3123,1
3124,1
3125,1
3126,1
3127,1
3128,1
3129,1
3130,1
3131,2
3132,1
3133,1
3134,1
3135,1
3136,2
3137,1
3138,2
3139,1
3140,1
3141,1
3142,1
3143,1
3144,1
3145,2
3146,1
3147,1
3148,2
3149,2
3150,1
3151,1
3152,2
3153,1
3154,1
3155,2
3156,2
3157,2
3158,2
3159,2
3160,1
3161,2
3162,1
3163,1
3164,2
3165,2
3166,2
3167,1
3168,2
3169,2
3170,1
3171,2
3172,2
3173,1
3174,2
3175,1
3176,1
3177,2
3178,2
3179,1
3180,1
3181,1
3182,1
3183,2
3184,1
3185,1
3186,1
3187,1
3188,2
3189,2
3190,2
3191,1
3192,1
3193,1
3194,2
3195,1
3196,1
3197,2
3198,1
3199,2
3200,1
3201,1
3202,1
3203,1
3204,1
3205,2
3206,2
3207,1
3208,2
3209,1
3210,2
3211,2
3212,2
3213,1
3214,1
3215,1
3216,2
3217,2
3218,2
3219,1
3220,1
3221,2
3222,2
3223,2
3224,2
3225,2
3226,2
3227,2
3228,2
3229,2
3230,2
3231,1
3232,2
3233,2
3234,2
3235,1
3236,2
3237,1
3238,2
3239,2
3240,2
3241,1
3242,2
3243,2
3244,1
3245,2
3246,1
3247,1
3248,1
3249,2
3250,2
3251,1
3252,1
3253,1
3254,2
3255,1
3256,1
3257,2
3258,1
3259,1
3260,1
3261,1
3262,2
3263,2
3264,1
3265,2
3266,1
3267,1
3268,1
3269,1
3270,2
3271,2
3272,2
3273,2
3274,1
3275,1
3276,2
3277,2
3278,2
3279,2
3280,1
3281,2
3282,2
3283,1
3284,1
3285,1
3286,1
3287,2
3288,2
3289,1
3290,1
3291,1
3292,2
3293,1
3294,1
3295,1
3296,2
3297,1
3298,1
3299,1
3300,1
3301,2
3302,2
3303,1
3304,1
3305,1
3306,1
3307,2
3308,2
3309,1
3310,2
3311,2
3312,1
3313,2
3314,1
3315,1
3316,2
3317,1
3318,1
3319,1
3320,1
3321,1
3322,2
3323,1
3324,1
3325,1
3326,1
3327,1
3328,2
3329,1
3330,2
3331,1
3332,2
3333,1
3334,2
3335,1
3336,1
3337,2
3338,1
3339,2
3340,2
3341,1
3342,1
3343,1
3344,1
3345,2
3346,1
3347,2
3348,2
3349,2
3350,2
3351,1
3352,1
3353,2
3354,2
3355,1
3356,1
3357,2
3358,2
3359,1
3360,1
3361,1
3362,2
3363,1
3364,1
3365,2
3366,2
3367,2
3368,1
3369,1
3370,2
3371,1
3372,1
3373,2
3374,2
3375,1
3376,1
3377,1
3378,1
3379,1
3380,2
3381,1
3382,1
3383,1
3384,2
3385,1
3386,2
3387,1
3388,1
3389,0
3390,2
3391,1
3392,1
3393,2
3394,2
3395,1
3396,2
3397,1
3398,1
3399,2
3400,1
3401,1
3402,1
3403,1
3404,2
3405,2
3406,2
3407,1
3408,2
3409,1
3410,1
3411,2
3412,1
3413,1
3414,2
3415,1
3416,1
3417,2
3418,1
3419,1
3420,2
3421,2
3422,1
3423,2
3424,1
3425,2
3426,1
3427,2
3428,1
3429,2
3430,2
3431,2
3432,2
3433,1
3434,2
3435,2
3436,2
3437,1
3438,2
3439,2
3440,2
3441,2
3442,2
3443,2
3444,2
3445,2
3446,2
3447,2
3448,2
3449,2
3450,2
3451,2
3452,1
3453,2
3454,2
3455,1
3456,1
3457,2
3458,1
3459,2
3460,2
3461,1
3462,1
3463,1
3464,2
3465,1
3466,1
3467,1
3468,2
3469,1
3470,1
3471,2
3472,2
3473,1
3474,1
3475,1
3476,2
3477,2
3478,1
3479,2
3480,2
3481,1
3482,1
3483,1
3484,2
3485,2
3486,1
3487,2
3488,1
3489,1
3490,2
3491,1
3492,2
3493,2
3494,1
3495,1
3496,1
3497,1
3498,1
3499,1
3500,1
3501,1
3502,1
3503,2
3504,2
3505,1
3506,1
3507,1
3508,1
3509,1
3510,2
3511,2
3512,2
3513,1
3514,2
3515,1
3516,2
3517,1
3518,2
3519,2
3520,1
3521,1
3522,1
3523,1
3524,1
3525,1
3526,2
3527,2
3528,1
3529,2
3530,1
3531,2
3532,2
3533,1
3534,0
3535,2
3536,1
3537,1
3538,2
3539,1
3540,2
3541,2
3542,1
3543,2
3544,1
3545,1
3546,1
3547,2
3548,2
3549,1
3550,2
3551,1
3552,2
3553,1
3554,1
3555,1
3556,2
3557,1
3558,1
3559,1
3560,1
3561,1
3562,2
3563,1
3564,1
3565,2
3566,1
3567,2
3568,2
3569,1
3570,2
3571,2
3572,1
3573,2
3574,1
3575,2
3576,2
3577,2
3578,1
3579,2
3580,1
3581,1
3582,1
3583,1
3584,2
3585,1
3586,1
3587,1
3588,1
3589,2
3590,1
3591,1
3592,1
3593,1
3594,1
3595,1
3596,2
3597,2
3598,1
3599,2
3600,1
3601,1
3602,2
3603,1
3604,1
3605,1
3606,2
3607,1
3608,1
3609,1
3610,1
3611,1
3612,1
3613,1
3614,1
3615,2
3616,2
3617,1
3618,1
3619,2
3620,2
3621,1
3622,2
3623,1
3624,2
3625,1
3626,1
3627,2
3628,1
3629,2
3630,1
3631,2
3632,1
3633,1
3634,1
3635,2
3636,1
3637,2
3638,2
3639,1
3640,2
3641,1
3642,1
3643,2
3644,1
3645,1
3646,2
3647,1
3648,2
3649,1
3650,2
3651,1
3652,1
3653,1
3654,1
3655,1
3656,1
3657,2
3658,1
3659,1
3660,0
3661,2
3662,2
3663,0
3664,1
3665,1
3666,1
3667,1
3668,1
3669,0
3670,0
3671,1
3672,1
3673,2
3674,2
3675,2
3676,1
3677,1
3678,1
3679,2
3680,1
3681,1
3682,1
3683,1
3684,2
3685,1
3686,1
3687,1
3688,2
3689,0
3690,2
3691,1
3692,1
3693,1
3694,1
3695,1
3696,2
3697,2
3698,2
3699,2
3700,2
3701,2
3702,1
3703,2
3704,2
3705,1
3706,2
3707,1
3708,2
3709,2
3710,1
3711,2
3712,1
3713,1
3714,2
3715,2
3716,2
3717,1
3718,1
3719,2
3720,2
3721,2
3722,2
3723,2
3724,1
3725,1
3726,2
3727,1
3728,2
3729,2
3730,1
3731,1
3732,2
3733,1
3734,2
3735,1
3736,1
3737,2
3738,2
3739,2
3740,2
3741,1
3742,1
3743,2
3744,1
3745,2
3746,1
3747,1
3748,1
3749,2
3750,2
3751,1
3752,1
3753,2
3754,1
3755,1
3756,1
3757,2
3758,2
3759,1
3760,1
3761,2
3762,1
3763,1
3764,1
3765,1
3766,1
3767,2
3768,0
3769,2
3770,2
3771,1
3772,1
3773,1
3774,1
3775,2
3776,2
3777,1
3778,1
3779,1
3780,1
3781,1
3782,2
3783,1
3784,2
3785,2
3786,1
3787,1
3788,2
3789,2
3790,1
3791,1
3792,1
3793,1
3794,2
3795,1
3796,2
3797,1
3798,1
3799,1
3800,1
3801,2
3802,2
3803,1
3804,1
3805,1
3806,1
3807,2
3808,1
3809,1
3810,1
3811,2
3812,2
3813,2
3814,1
3815,1
3816,2
3817,2
3818,2
3819,1
3820,2
3821,1
3822,2
3823,2
3824,2
3825,2
3826,1
3827,2
3828,2
3829,1
3830,2
3831,2
3832,2
3833,1
3834,2
3835,1
3836,1
3837,1
3838,2
3839,2
3840,1
3841,2
3842,1
3843,1
3844,1
3845,2
3846,1
3847,2
3848,1
3849,0
3850,1
3851,0
3852,0
3853,1
3854,2
3855,0
3856,0
3857,1
3858,1
3859,1
3860,1
3861,2
3862,2
3863,1
3864,1
3865,2
3866,2
3867,2
3868,2
3869,1
3870,2
3871,2
3872,2
3873,1
3874,1
3875,2
3876,2
3877,2
3878,2
3879,2
3880,2
3881,2
3882,1
3883,2
3884,2
3885,1
3886,2
3887,2
3888,1
3889,1
3890,2
3891,2
3892,2
3893,1
3894,2
3895,1
3896,2
3897,1
3898,2
3899,1
3900,1
3901,1
3902,1
3903,2
3904,1
3905,2
3906,2
3907,1
3908,1
3909,1
3910,2
3911,2
3912,1
3913,2
3914,2
3915,1
3916,2
3917,1
3918,2
3919,1
3920,1
3921,1
3922,1
3923,2
3924,1
3925,0
3926,1
3927,1
3928,2
3929,1
3930,1
3931,2
3932,1
3933,1
3934,2
3935,2
3936,2
3937,2
3938,1
3939,1
3940,2
3941,1
3942,1
3943,1
3944,1
3945,1
3946,2
3947,1
3948,1
3949,1
3950,1
3951,1
3952,2
3953,1
3954,1
3955,1
3956,1
3957,1
3958,1
3959,0
3960,0
3961,1
3962,1
3963,1
3964,0
3965,1
3966,2
3967,0
3968,1
3969,1
3970,0
3971,1
3972,1
3973,1
3974,2
3975,2
3976,1
3977,2
3978,1
3979,2
3980,2
3981,1
3982,1
3983,2
3984,2
3985,1
3986,2
3987,2
3988,1
3989,2
3990,1
3991,2
3992,2
3993,1
3994,1
3995,2
3996,1
3997,2
3998,1
3999,2
4000,2
4001,1
4002,2
4003,2
4004,2
4005,1
4006,2
4007,2
4008,1
4009,1
4010,2
4011,1
4012,1
4013,2
4014,2
4015,2
4016,2
4017,2
4018,2
4019,2
4020,2
4021,1
4022,2
4023,2
4024,2
4025,2
4026,2
4027,2
4028,2
4029,1
4030,1
4031,1
4032,1
4033,2
4034,1
4035,1
4036,1
4037,2
4038,1
4039,1
4040,1
4041,2
4042,0
4043,2
4044,1
4045,2
4046,2
4047,1
4048,1
4049,2
4050,2
4051,0
4052,1
4053,1
4054,1
4055,2
4056,1
4057,1
4058,1
4059,1
4060,1
4061,1
4062,2
4063,2
4064,2
4065,0
4066,2
4067,1
4068,0
4069,1
4070,1
4071,2
4072,1
4073,2
4074,2
4075,2
4076,2
4077,2
4078,2
4079,2
4080,1
4081,2
4082,2
4083,2
4084,1
4085,2
4086,2
4087,2
4088,2
4089,2
4090,2
4091,2
4092,2
4093,2
4094,1
4095,2
4096,2
4097,1
4098,2
4099,1
4100,1
4101,1
4102,1
4103,1
4104,2
4105,1
4106,2
4107,2
4108,2
4109,1
4110,2
4111,2
4112,1
4113,1
4114,1
4115,1
4116,1
4117,1
4118,0
4119,2
4120,1
4121,1
4122,1
4123,2
4124,1
4125,1
4126,1
4127,1
4128,1
4129,1
4130,1
4131,1
4132,2
4133,1
4134,1
4135,2
4136,2
4137,1
4138,1
4139,1
4140,0
4141,2
4142,1
4143,1
4144,2
4145,1
4146,1
4147,1
4148,2
4149,2
4150,1
4151,1
4152,1
4153,1
4154,1
4155,1
4156,1
4157,1
4158,1
4159,2
4160,2
4161,1
4162,2
4163,2
4164,2
4165,1
4166,1
4167,2
4168,1
4169,2
4170,1
4171,2
4172,2
4173,2
4174,1
4175,2
4176,1
4177,1
4178,1
4179,2
4180,1
4181,1
4182,2
4183,2
4184,2
4185,1
4186,0
4187,1
4188,1
4189,2
4190,1
4191,1
4192,2
4193,1
4194,1
4195,1
4196,1
4197,1
4198,2
4199,1
4200,2
4201,2
4202,2
4203,1
4204,1
4205,1
4206,2
4207,1
4208,2
4209,2
4210,0
4211,2
4212,1
4213,1
4214,2
4215,2
4216,2
4217,2
4218,2
4219,1
4220,1
4221,2
4222,1
4223,2
4224,2
4225,2
4226,2
4227,1
4228,1
4229,1
4230,1
4231,2
4232,1
4233,0
4234,1
4235,1
4236,1
4237,1
4238,2
4239,1
4240,1
4241,1
4242,2
4243,1
4244,1
4245,2
4246,2
4247,2
4248,1
4249,1
4250,2
4251,2
4252,1
4253,1
4254,0
4255,2
4256,1
4257,0
4258,2
4259,2
4260,2
4261,1
4262,1
4263,1
4264,1
4265,1
4266,0
4267,1
4268,2
4269,0
4270,2
4271,2
4272,1
4273,1
4274,1
4275,0
4276,0
4277,1
4278,0
4279,0
4280,1
4281,2
4282,1
4283,2
4284,1
4285,1
4286,1
4287,2
4288,2
4289,1
4290,2
4291,2
4292,2
4293,0
4294,1
4295,2
4296,2
4297,2
4298,1
4299,1
4300,2
4301,1
4302,2
4303,2
4304,1
4305,0
4306,2
4307,0
4308,1
4309,0
4310,1
4311,1
4312,2
4313,1
4314,1
4315,1
4316,2
4317,1
4318,0
4319,1
4320,2
4321,2
4322,1
4323,2
4324,1
4325,1
4326,2
4327,0
4328,1
4329,2
4330,1
4331,2
4332,1
4333,2
4334,1
4335,1
4336,1
4337,2
4338,1
4339,2
4340,1
4341,2
4342,1
4343,1
4344,1
4345,2
4346,2
4347,1
4348,2
4349,1
4350,2
4351,1
4352,2
4353,1
4354,2
4355,2
4356,2
4357,2
4358,1
4359,2
4360,2
4361,2
4362,2
4363,2
4364,1
4365,2
4366,2
4367,1
4368,2
4369,2
4370,2
4371,1
4372,1
4373,1
4374,2
4375,2
4376,1
4377,2
4378,2
4379,2
4380,1
4381,2
4382,2
4383,1
4384,0
4385,1
4386,2
4387,1
4388,1
4389,1
4390,1
4391,1
4392,1
4393,1
4394,1
4395,1
4396,1
4397,1
4398,1
4399,2
4400,0
4401,1
4402,0
4403,2
4404,1
4405,2
4406,1
4407,1
4408,1
4409,1
4410,1
4411,1
4412,1
4413,1
4414,1
4415,1
4416,2
4417,1
4418,1
4419,0
4420,1
4421,1
4422,1
4423,2
4424,1
4425,1
4426,1
4427,2
4428,1
4429,1
4430,1
4431,2
4432,2
4433,1
4434,2
4435,1
4436,2
4437,1
4438,2
4439,2
4440,1
4441,2
4442,1
4443,2
4444,0
4445,1
4446,1
4447,1
4448,1
4449,1
4450,1
4451,0
4452,2
4453,2
4454,2
4455,1
4456,2
4457,2
4458,0
4459,2
4460,1
4461,2
4462,0
4463,1
4464,1
4465,2
4466,1
4467,2
4468,2
4469,1
4470,2
4471,2
4472,1
4473,1
4474,2
4475,1
4476,1
4477,1
4478,1
4479,2
4480,2
4481,1
4482,2
4483,1
4484,1
4485,1
4486,0
4487,0
4488,1
4489,1
4490,1
4491,0
4492,1
4493,1
4494,1
4495,2
4496,1
4497,2
4498,1
4499,1
4500,0
4501,1
4502,0
4503,1
4504,0
4505,1
4506,1
4507,2
4508,0
4509,1
4510,1
4511,2
4512,1
4513,1
4514,1
4515,1
4516,1
4517,2
4518,2
4519,1
4520,2
4521,2
4522,2
4523,1
4524,2
4525,1
4526,1
4527,2
4528,2
4529,1
4530,1
4531,1
4532,1
4533,1
4534,2
4535,2
4536,2
4537,1
4538,1
4539,1
4540,1
4541,1
4542,1
4543,1
4544,1
4545,1
4546,2
4547,2
4548,1
4549,1
4550,0
4551,2
4552,1
4553,0
4554,1
4555,1
4556,0
4557,1
4558,1
4559,0
4560,1
4561,1
4562,0
4563,1
4564,1
4565,2
4566,0
4567,1
4568,1
4569,0
4570,1
4571,2
4572,2
4573,2
4574,1
4575,2
4576,2
4577,1
4578,2
4579,2
4580,2
4581,0
4582,2
4583,1
4584,1
4585,2
4586,1
4587,1
4588,2
4589,0
4590,1
4591,2
4592,2
4593,1
4594,1
4595,2
4596,1
4597,1
4598,2
4599,1
4600,2
4601,1
4602,2
4603,2
4604,2
4605,2
4606,2
4607,1
4608,1
4609,1
4610,1
4611,0
4612,1
4613,1
4614,1
4615,2
4616,2
4617,1
4618,2
4619,0
4620,1
4621,0
4622,2
4623,1
4624,2
4625,0
4626,0
4627,1
4628,1
4629,1
4630,1
4631,2
4632,1
4633,0
4634,1
4635,1
4636,1
4637,1
4638,0
4639,2
4640,1
4641,2
4642,1
4643,1
4644,0
4645,1
4646,2
4647,1
4648,1
4649,2
4650,2
4651,1
4652,1
4653,0
4654,1
4655,1
4656,1
4657,0
4658,1
4659,1
4660,0
4661,2
4662,2
4663,2
4664,2
4665,0
4666,2
4667,1
4668,1
4669,2
4670,2
4671,2
4672,2
4673,1
4674,0
4675,1
4676,2
4677,1
4678,2
4679,2
4680,1
4681,1
4682,1
4683,1
4684,0
4685,2
4686,2
4687,1
4688,2
4689,2
4690,1
4691,1
4692,0
4693,1
4694,0
4695,2
4696,2
4697,1
4698,0
4699,0
4700,2
4701,1
4702,1
4703,1
4704,2
4705,1
4706,1
4707,1
4708,0
4709,2
4710,0
4711,2
4712,2
4713,2
4714,0
4715,1
4716,0
4717,1
4718,1
4719,2
4720,1
4721,0
4722,2
4723,1
4724,2
4725,1
4726,2
4727,1
4728,1
4729,0
4730,1
4731,2
4732,1
4733,2
4734,1
4735,2
4736,1
4737,1
4738,2
4739,1
4740,1
4741,0
4742,2
4743,1
4744,1
4745,1
4746,1
4747,2
4748,1
4749,1
4750,1
4751,1
4752,1
4753,1
4754,1
4755,2
4756,2
4757,1
4758,1
4759,1
4760,2
4761,2
4762,1
4763,2
4764,0
4765,0
4766,2
4767,1
4768,1
4769,0
4770,1
4771,0
4772,1
4773,2
4774,1
4775,1
4776,2
4777,1
4778,1
4779,1
4780,0
4781,1
4782,2
4783,1
4784,1
4785,0
4786,1
4787,1
4788,1
4789,2
4790,2
4791,0
4792,2
4793,1
4794,0
4795,1
4796,2
4797,2
4798,2
4799,1
4800,2
4801,1
4802,1
